Alcatel One Touch Pixi 3.jpg,a48e444c5b061b247bac31ade4d6901a
Google Nexus 5.jpg,66026fe6083ab09100929e5b03e7d5e8
Xiaomi Redmi 6A.jpg,60f0c9dc069857023c9705746d17e985
Asus ZenFone 2 Laser.jpg,0ecc7e8a673e4c15f1f4c9b94e5eee59
Huawei Y360.jpg,2aa5db6f6682981b5957cf1819bb129d
Lg K4.jpg,dd565347b9b50d5a53a8fe3f209b2eeb
Lg Phoenix 3.jpg,344f029b2445e75c8ca4128c6ed1bd7a
Lg G6.jpg,b7c1f2a79eb03d2a9db3ddd8c512c994
Lenovo Vibe K6.jpg,6b414bae06d110bf884ee22de7f6f6d2
Lg G Stylo.jpg,77281762efa1013700f31ab331c6ed39
Lg K10 (2017).jpg,ccc019397dfb41a3e468ed87ff630cb3
Lg K5.jpg,b15303a2b495066ea7cc10c7a56cec74
Lg X Power.jpg,a6b351d15ab773082bfc702cd18c09d0
Samsung Galaxy A3.jpg,f1da7d31445e4ba184ce6c199b177d96
Vivo V5.jpg,9c224471d5a4e212205f81ab9b38ac69
Samsung Galaxy J1 Mini.jpg,d3371bb03df7f143ed6896525d902459
Huawei Nova Lite.jpg,17e7ce0bd5e46c009e4284efe5d754c6
Itel A11.jpg,356a049e2109ecf84a3023279a8a9075
Oppo F5.jpg,5aee38dd771c068e2a6f83a5a9d61131
Asus ZenFone Go 4.5.jpg,1716878ce63a473e697d858a9b9938e0
Huawei Y3 (2017).jpg,b3eeaeeff17f9227443b97c2466e3295
Oppo A39.jpg,3ac761524961e53266288314543c7fd2
Xiaomi Redmi 6 Pro.jpg,8bc493bf836f964984dad06ca79bbc12
Motorola Moto X Play.jpg,00eaa6e4da12d8bf9b4ee64e9e575517
Xiaomi Redmi Y1.jpg,d861b4615a4abb3046cc690829a0d846
Zte Blade Z Max.jpg,5a6bb277a98a6babac13fd0c0c932805
Oppo F7.jpg,e6cef40f08b5154bb89e5e158c163b2b
Xiaomi Redmi Note 3.jpg,f5bedf4f6157da5ab9029a617da96929
Vivo V7+.jpg,013ed20383598b7124afce51d465cad5
Samsung Galaxy Grand.jpg,a6e3219121ea37811d8d405e56738de7
Lenovo A6000.jpg,1146bb93a9bd6ca4ff587cd2dc857891
Xiaomi Redmi 3.jpg,da20fd16f219bf42a7789b2d75760f99
Vivo V7.jpg,033cbd5f1b8f7b96de1e0a78439af354
Alcatel One Touch Pixi 4 (5).jpg,bf59541232d42f66ae5dfd9e4690c1ba
Lg K7.jpg,99988ce3e0b31d78905f6c79b0cadc2c
Samsung Galaxy J7 Max.jpg,f171153dcbe30aaf651b2bf3a9538c55
Lg G4.jpg,cc4a9a70680c97207dbccd91e9a814b4
Tecno Spark 2.jpg,f6b994f0d95d06af9e5f94a56c2d7800
Huawei Ascend Y635.jpg,55546a94b0690d9bb1deb1de098a4a46
Lenovo Vibe K5.jpg,c1a5ddb5fd3dd0fee2da174797b7bbec
Lg G5.jpg,2f139326b491fd5f1d5122033225fcc3
Motorola Moto E (4th gen).jpg,52e1d339c27b1a2b6cf70f2400a7c060
Motorola Moto C Plus.jpg,95d2001fc0d9dab34d692de327bfe4df
Xiaomi Redmi 2.jpg,80b3834fd95b6dec130f4834b941ad93
Samsung Galaxy A5 (2017).jpg,b6cee8eb8a3b5f1d23ffe701af4a2f40
Lenovo Vibe K5 Note.jpg,e1c7247ae529b212f984ece84dd8bb10
Lenovo Vibe K4 Note.jpg,2934bfe5d9030288a441fe83d9c6e2cb
Google Nexus 7.jpg,86a4fe5895844f872900df41861f3bf8
Samsung Galaxy A6+.jpg,9dccfb186e8cdec672f65dfd88d0dc20
Asus ZenFone Selfie.jpg,9fc620da2d220111e2a23ba1df0e3a9a
Huawei Y6 Pro.jpg,edb5fa22f81e3fda2acb8eed2a9bb138
Samsung Galaxy Ace.jpg,c1a3f95bdb555e3fa11c42516e92510c
Samsung Galaxy A5 (2016).jpg,8354b3feb4d138e3e525172c249a9011
Xiaomi Redmi 4X.jpg,0c91ce78fe326149b896e6a90fbd2cdd
Huawei Ascend Y221.jpg,c7a0ae1c2545886150d5a865eb88fdae
Xiaomi Redmi 6.jpg,9fda74c998675a522a4c1bff3c3551d5
Lg Stylus 3.jpg,e41bfec5362488074632e3794bdfa8a9
Lenovo K6 Power.jpg,0d40acaca8a08e277d0639a74c2ada50
Huawei Ascend Y625.jpg,495aba2be8849ecbaaee7636751242a8
Motorola Moto E (2nd gen).jpg,10c9bd1d190ee473b42cd49247dad38c
Oppo Neo 5.jpg,8077a56c46bc52bba01435e64859784d
Sony Xperia XA1 Ultra.jpg,5790de40c698adf4639936017ade0ca8
Motorola Moto G Play.jpg,81006b41df129ad0b004ed7361fcb863
Lenovo Vibe P1m.jpg,16cd6229f9399a5a5951d99b26bfd73f
Oppo F5 Youth.jpg,0d9a965390cc5786e13ecdbd9f7c8e3a
Alcatel One Touch Pixi 4 (4).jpg,0a2980ba5b04c60834040eec028fbe36
Samsung Galaxy V.jpg,18a41d95945a9209f33740c90351d6e3
Vivo V3.jpg,aa75d361149ff71ece80409792ee7db8
Samsung Galaxy A5.jpg,c0d6dfd5e9fa78446a103741b15968c6
Lg Tribute 5.jpg,8a7889f5745ef61900f90768d585c1c3
Samsung Galaxy Ace Style.jpg,0af42a4c0f91ef9cd7ce5e1137ad6571
Oppo F3.jpg,736aa153154518201f724fa97f02b608
Samsung Galaxy J3 (2016).jpg,9b9176014ccd9814f1ea08e87d55cae2
Lava Iris 820.jpg,8cba91341d2a060cc23c4984058b5d73
Vivo V11 Pro.jpg,31c1f858f5a4cfb058ebece1b1633baf
Itel it1408.jpg,32fbe1c959e25e5b8e7a301fa4603567
Lg Optimus L1 II.jpg,b31202110043fc8f59c2ea89fcfc180f
Wiko Sunny 2 Plus.jpg,52fccc46aa08cbd0b4d8f9bb4d489df7
Lenovo Vibe K5 Plus.jpg,2414964fe6b50e258ea70e6b2c0ed269
Xiaomi Redmi Note 4X.jpg,1a67dc64631ea14ab44c57a3377e6b3c
Lg L20.jpg,254a0760cb76c7ad1225053cc19b42c3
Samsung Galaxy J7 Core.jpg,25cc6e5bd5fda3c476947cbe027c4536
Vivo V5s.jpg,1af9e9f3b5dd969fbda02a2a700f8a6a
Xiaomi Redmi Note 5.jpg,39c091d69634b75251e73eef5a0ba0d9
Sony Xperia XZ1.jpg,e4150d754fee1e0cbe7d946b818cd8ed
Huawei Y5 Prime (2018).jpg,c5d5fd238e64428008df38a445178ed2
Xiaomi Redmi 5.jpg,a7b94b88114a00ede36cd162909ab649
Samsung Galaxy A7.jpg,acc033a923e6091bc5338ddbef176b7d
Google Pixel 2.jpg,8ce182b5015609642d7cf11cfdafa521
Vivo Y15.jpg,713e86867f9131d0cc5473989b76ef54
Xiaomi Redmi Y1 Lite.jpg,a1f70216eaa91abda5958ef6312c621f
Oppo Neo 7.jpg,da8ef988b1f4372d4bff0c5f86526b3c
Huawei Devices.jpg,ecd44873b9c2c16504b774de2565bd18
Oppo Joy 3.jpg,3e16e681c593d24de5e7205a86d80562
Huawei Y5 II.jpg,52409d57e8e2c8e908ddefe789f499ae
Lg G Pro Lite.jpg,5c669f2afda308908cb2e15bc5283ec8
Lg G3.jpg,756ebb0e09136f7b8210b374c512bd7c
Alcatel One Touch Pop 3 (5).jpg,24f15cde24eb6e1e243c9a7683a23e5b
Sony Xperia XA Ultra.jpg,e16a8fbeaa1b8de29b38d85c6604ad55
Sony Xperia Z5 Compact.jpg,3ab35bb69e60159e928431b282709288
Advan 5060.jpg,dd1acc04670115dc353c92642881d787
Xiaomi Redmi 4.jpg,da9381a6bb070fb4c61015452154ec9e
Huawei Y6 (2017).jpg,f713992f1604d6ec0e5cda557cc9de14
Xiaomi Redmi Note 4.jpg,177131e7c65d5daebf639a5ce82a3e47
Samsung Galaxy S7 Active.jpg,5a5b734b4daae10522e4e8b312ae2cbd
Huawei Mate 10 Pro.jpg,63018a85fb1534c54584aabcc1df0a9c
Motorola Droid Turbo.jpg,14425607e01aab40227767c619f346fa
Xiaomi Redmi S2.jpg,a2d646c5adf81eaa87eb59a90212368b
Samsung Galaxy C9 Pro.jpg,3b1af7ccc5ea5ac85e25d9147b981881
Asus ZenFone Max.jpg,2269f1756cc5257b278b06e503dc9bcd
Wiko Lenny 3.jpg,ba55cda8ea1487e251498e197b33ec6e
Motorola Moto G6 Plus.jpg,4288662f46baa314aa2dc6a31551e7f1
Huawei Honor 5X.jpg,9d3b249506807fe9c7ca669c8d70fe64
Htc One (M7).jpg,cd0f7646bc35968acf5f0dbb2d9a5498
Sony Xperia L1.jpg,58ed7257e08770ce22127330ed064c0b
Samsung Galaxy J6.jpg,fb33ad9a4a7951539d3c978a377d7d43
Huawei Ascend Y330.jpg,6336588e7042b3ff830ce2720ece716f
Lenovo A2010.jpg,d41d71afb13eb01252221129a56dc5cc
Huawei Nova Young.jpg,767bb0c85ee1285939e3899b61abd9d0
Samsung Galaxy S4.jpg,6bf84b575d1eebf8ee5610bad2be894c
Samsung Galaxy S5.jpg,b69cb161fe6fb6fa42c355f747f61df7
Oneplus 5T.jpg,3272e3b0bc1be28494573e71ebf6989c
Samsung Galaxy J7.jpg,d5593e1b2503bb85d863fa874baba591
Vivo Y66.jpg,ea0854d0f0c86a8d7f8ebb90ecfe6ff6
Asus ZenFone Go.jpg,27a67d13badc14ab0ebb7b5038f8126c
Wiko Lenny 2.jpg,1842e2fb8ea1d7292b2795186b7b8ff5
Lenovo K6 Note.jpg,7484cc728d76d076b9520aa6eb5d29b4
Huawei G Play Mini.jpg,cd05bd4d05ff7048398669bafa0685eb
Huawei P20 Lite.jpg,0d97fb3f18871726b0e716303d6fde45
Samsung Galaxy Grand 2 Duos.jpg,7658b8aa315e975ef99297ce82aa9d8b
Samsung Galaxy S8+.jpg,b7fd4970c9b6c4ee237c310220727a3b
Zte Zmax Pro.jpg,acbf473142ecf9048c63c3aa28d142ca
Samsung Galaxy J2 (2018).jpg,905b4b54a9c4bc28c812c209a9b4fb19
Oppo F3 Plus.jpg,86f79e8bbfc1d6e3cadffb784910f647
Samsung Galaxy Alpha.jpg,cd069e06d35d7722137466712d3325f7
Samsung Galaxy Gran Neo Duos.jpg,9f5c4f318e01cd105bf9bd11fd706b89
Asus ZenFone 4 Max.jpg,61c73905fbe5e330ef758799abdd8c8f
Samsung Galaxy J5.jpg,1b331264530ce947004ba5f9aa63ec26
Oppo R9s.jpg,918e3bbe1c12a14296cc9a4f4869b572
Samsung Galaxy A7 (2017).jpg,d53e5f23e80d2ef8b503c70d36fd6c40
Lava Iris 700.jpg,49b1a486d6b25460b43d4cac4abd6685
Alcatel One Touch Pop C1.jpg,2eb67ff1e4301ddcf63d662acb80c93a
Samsung Galaxy Note 3.jpg,d64a180b2eaeb2b112f9ea580b862dc7
Sony Xperia XA.jpg,9e9bab0e121443b79314eb25f0222f54
Samsung Galaxy S7.jpg,94d2ead96ff7aa65e6b71f321201cb26
Samsung Galaxy S6.jpg,01e0b4182f751c66b790652a223290e6
Tecno W2.jpg,2e585e6d1c98195ef2d1ea7740a06029
Samsung Galaxy Core.jpg,65c9b20e0653cc64f41f7f09482a5b6b
Samsung Galaxy Mega 2.jpg,a7045000614fc6c1a149aa424ecc9f4b
Lg V30.jpg,269ef7d646092784192f88856b216cfd
Samsung Galaxy J1 Ace.jpg,471722332c935b9da6703839b49f7ce1
Vivo Y71.jpg,e422cb00b0f3c7b877dd9e74baa73a97
Infinix Smart.jpg,19acbadd8a69a5b7693d0051e6a2a194
Xiaomi Redmi 1S.jpg,c2dffd4cae323947f50d3ea38357e1e8
Lg L50.jpg,62ec79854494577d2f3c3bbc5f678d96
Samsung Galaxy Win Duos.jpg,792df8aab5035f4f9709823d555c2cea
Sony Xperia X Compact.jpg,b0f9373cf830490107d14760a535524f
Motorola Moto G DTV.jpg,592e987ecad8fd1f453e3f9432a55faa
Samsung Galaxy S8 Active.jpg,ca8a2b0ef77fe65274c048354df78713
Huawei Honor 7A.jpg,b90f2c69bba40f825f43da0aea73b0da
Motorola Moto X.jpg,980c90455fdff69e63cb86dc425f9f8c
Samsung Galaxy J7 Prime.jpg,4637ff00e9fe356c87ca28242d113777
Lg V20.jpg,adc04ce3abbf266be86213e1ffefeb08
Samsung Galaxy Note Edge.jpg,9a26d3c238d2d40f1265f251e4b14f3b
Huawei Ascend Y336.jpg,ea58745aab07f93e8c046abffcbca6e2
Samsung Galaxy J1 (2016).jpg,6aa21e1f4c975e8a2c27ab415c9921ef
Lanix Ilium X520.jpg,0b5aab3018387e0b4ce8c01f4bafff03
Zte Maven 3.jpg,559f1cf22ab9894d22bad331d99172ec
Samsung Galaxy V Plus.jpg,c92d6c67bf4f31b8c64e071f2f4c7138
Sony Xperia M2.jpg,b415411b7d9ee175a9cb70206bc49b32
Samsung Galaxy J1.jpg,0c0c4ff5c5b7d14d8aec59bfc5b94ff5
Samsung Galaxy A7 (2016).jpg,bf15ff236da4a1f3cfeba63f846e2b63
Huawei Y3 II.jpg,f444d3311d84ff7a0d3d07e394ab901b
Condor Plume P6 Pro.jpg,5e65b182eefbfd1c061d09fbb6e54578
Oneplus Devices.jpg,0f0e1741bc064fde01c2139eaa24afac
Xiaomi Mi A1.jpg,8d0f7307ce39e40b3cf3a793a34bc8f7
Motorola Droid Turbo 2.jpg,cbb881dcecca12c931329d19f5cfa328
Samsung Galaxy J7 Pro.jpg,7be91894667826acbd2b740fe3259d6e
Oppo F1s.jpg,09818bdd2a976abea34b20aeeff6c812
Samsung Galaxy S III.jpg,bb142d2d6b3a6a36c2f66681a5e1e676
Huawei Y5 2017.jpg,6cd41c48f3804dd39469bcb01ef10e1c
Sony Xperia Z3 Compact.jpg,5978564d119705260cf8f9aa8f21a1d3
Huawei G8.jpg,76e69e1590adaf1b6fb903c550810abf
Samsung Galaxy J3.jpg,bae5f8eb2f5dc8a2b68a86bd10848ff2
Motorola Moto Z2 Force.jpg,196a17902b445a8bbb5a1cbbe2efd0f9
Samsung Galaxy J1 Mini Prime.jpg,edfe89bfa7751d53e48a4d9cb9838e2e
Samsung Galaxy Note 5.jpg,45e918842620c84059363f5ccb4730b5
Itel it1508.jpg,8036e220ba5b90bba981837019e8f6bb
Samsung Galaxy Note 4.jpg,6f1e23a48c909a2eadcdb2ae83279d8a
Vivo Y55L.jpg,c855fcb563b4f5d0ffcfa6819f48b95b
Samsung Galaxy J2.jpg,ac17242d39d8587bb8fb7a0649fb428f
Samsung Galaxy Young 2.jpg,209a961eae4d294e9c2b9f3cd613a657
Samsung Galaxy Ace 3.jpg,6b6245f4df998edc8ed56296138599c0
Samsung Galaxy Mega 6.3.jpg,5a5a6f363cf72004b3a0b6addd9624b2
Vivo V9 Youth.jpg,31be69580ae261a720818bb0ad1ecd91
Samsung Galaxy S6 Edge Plus.jpg,74bdf664b4f586239aaf1e09091b3a3e
Infinix Note 4.jpg,a8b7380ad18bca5d316ef20bdb088a23
Lg Fortune.jpg,ed55318d4d49b05b5734b2fc04b2dee7
Motorola Moto G5.jpg,125f5bc516adc405e1dcedd6b475f461
Xiaomi Devices.jpg,3f165735f4062ff19d79a860a18b9efe
Huawei Honor 9.jpg,bca087bd0a966683f15e1023d69e4feb
Huawei P10 Lite.jpg,ceab756b75c8c8209fb1c29e8edbafee
Sony Xperia M4 Aqua.jpg,1f9c888864ecf1a5dd100f3faa99fbf3
Samsung Galaxy Win 2 Duos TV.jpg,0675b920c05035f90e621c654df92341
Samsung Galaxy J2 Prime.jpg,f2e617fea945babfe2c1325edb9fb92b
Huawei Y9 (2018).jpg,5a3271faaf925c5a13b8d62e66eb1fcb
Asus ZenFone 5.jpg,d4f2b60a73c8e74fc6cd35e788a30837
Vivo Y85.jpg,424f0c3ac89e6d752bccca6b314dd2db
Asus ZenFone C.jpg,c09a42a86094d0028e8770b595b88430
Sony Xperia Z5.jpg,e32e5282826a943077cec4e7bb54b0c6
Motorola Moto E (4th gen) Plus.jpg,50c85ee33146cc29571947ac5232d2cb
Samsung Galaxy Note 9.jpg,1aa815969a23e955476075ced38de847
Samsung Galaxy S4 Mini.jpg,bc27b19e814a875ce9513e66fafb2ae5
Tecno Y2.jpg,032307bb9b467fae17fc6678068718ff
Samsung Galaxy S5 Mini.jpg,5c0cdbd38a9fecef429baa833f3f2686
Google Pixel 2 XL.jpg,aa682c4f080ce2a4e656bc1e46ce5c0c
Lg Joy.jpg,580ba0d3cca6bcc1a70eeacf9908740e
Lenovo K8 Note.jpg,eb4be7bbbde8d53efb443d6aefdbe42b
Lg X230.jpg,8ed6080a6aeb35686a7afae72fab2650
Samsung Galaxy J2 (2016).jpg,cceb28c8d9304ad7bec398d3670a224a
Asus ZenFone 4.jpg,0ac0c7b5a7d2648861eb355fd03c5ac5
Vivo Y53.jpg,ca0bef8a00ef607efddb6ca02b113089
Huawei Honor 4C.jpg,be7495385a1d2299454fd1fb03356ca9
Huawei Honor 7X.jpg,553810719cceaba7d684285f2410e151
Samsung Galaxy Note 3 Neo.jpg,006561ec2260f3f7a8e4e3a446171137
Samsung Galaxy J4 (2018).jpg,f2160b71c7d0060463ae2f17ee9fbb24
Motorola Moto Z2 Play.jpg,b5332a92adbeff8219473fcadd426cc7
Huawei Honor 8.jpg,351d3bcc00dcde6a3c974385fa73b3a2
Huawei Mate 9.jpg,184900d9d29f5b482f06c9b3c23012cc
Lenovo A7000.jpg,c2f0eba8be2c36a168e414c93a55c996
Tecno WX3.jpg,a91d56ef4cc51f3e4c51a875be24edb1
Motorola Moto G6.jpg,da8abf911927974e8f87b15e7fd80cb5
Huawei Nova 3i.jpg,ac460ea46d8a8aa935e30f9ebb7c1d14
Alcatel One Touch Pop 3 (5.5).jpg,96b12233b18f20572ced05f911e55545
Lg L70.jpg,0ecf49519d56b90f1a8bca1039752489
Xiaomi Redmi 3S.jpg,661d71a46adcab63480ad8635b00015f
Lg Stylo 4.jpg,a1b5a4d8f9c122bb6aec75c3ab08143a
Vivo Y51.jpg,5698aa3c0d8c5acf512ef2e853cd7649
Motorola Moto C.jpg,27b503d74c9e327bf250039923196a06
Asus ZenFone 6.jpg,99b5a11a152211f178187836c862eef3
Vivo Y21L.jpg,4d59dd686d7e7386765b8fe9dba2c97e
Samsung Galaxy Grand Prime Plus.jpg,e5b893adf15bfbedf4a468b19c6d98e7
Sony Xperia X Performance.jpg,deb7f1a23678d2a81cb1350e4dd59ae0
Lg Magna.jpg,587b7a3f893d95012826d610a4b84859
Vodafone Smart Mini.jpg,3f431797ec4b42ae96a8c3bedd8a9c53
Samsung Galaxy S6 Active.jpg,45c9ac689d30fa473ec63dcf0c1e211d
Motorola Moto X (2nd Gen).jpg,32d07c57d60d7010abb03f300208938e
Huawei Y6 II.jpg,8973381480770a5c9c2c9f6528649d9b
Samsung Galaxy Star Advance.jpg,8299414f47ed28f9fb903bf8684919e1
Lg G3 Stylus.jpg,a694d76e3455e9c15ad18a64bfed74c4
Infinix Hot 5 Lite.jpg,d3860779a406e3cc47dcd25ba5c19048
Asus ZenFone Go TV.jpg,e3f8585165f12f2216bdebd63c4a76b9
Infinix Hot 4 Lite.jpg,48d236607698bc25aa6a8085fa30871b
Lenovo K3 Note.jpg,b63e8cb4e2b651759a21a8ccf75fa069
Samsung Galaxy Core 2 Duos.jpg,ca94d1e9f72f2ad877f7ddf0ae99d3eb
Samsung Galaxy Ace 4 Neo.jpg,872983d4163224cbdd3ad008d685a9f7
Motorola Moto G5S Plus.jpg,3e31ade5f60e5ba1ab2dfcedea2c4bdc
Motorola Moto G3.jpg,9c333dd1862150b0992bccacfe06fe0e
Oppo A83.jpg,3ed4760971c6624c7ffc5f32ac2a23c7
Asus ZenFone Max Pro M1.jpg,0d1e498c04adb85b47ec05e7158e3396
Motorola Moto G6 Play.jpg,e68c77eb7b2dd805a66ca24a04f928ea
Google Nexus One.jpg,b6b5b04c99c56ebb6f3ed612dd241e11
Samsung Galaxy J3 Pro.jpg,87b3e1244b0f4c1cec1b6bb0911e48b6
Htc One (M8).jpg,711149a87c0ea863e463db238a9e67f9
Motorola Moto Z Play Dual.jpg,6a23c438ad41c4f7c2d7fd0a91db36a5
Infinix Hot 6.jpg,e6e307b90ba3c409357bafa189a974ca
Asus ZenFone 3.jpg,5455b1c6bd44e51ec489021bf04f4f3d
Vivo Y83.jpg,b16218a8ddbb612446948c26ee3970c6
Sony Xperia XZ.jpg,8ec35fe15738a3f9d966c988354ca3ee
Sony Xperia Z3.jpg,44fc801bb5272ee64d5ea7b0e80fdf04
Lenovo K8 Plus.jpg,db7a87876c96362480b5fa540fed83f0
Huawei Honor Bee.jpg,cd20971e30446ad862c749fcdaf160a8
Oppo A71 (2018).jpg,5f2315de1c726358924dddeeb573bc79
Amazon Fire.jpg,42b1f67c27cc962d0d5b24363d521dac
Micromax Bharat 2 Plus.jpg,b8adfafacd6d45437f241b3476e8bbbb
Sony Xperia Z2.jpg,aebc1279f24be10dd3f552cd4dc03167
Asus ZenFone 2.jpg,cde4556612ce19154f4ee366c0967d7f
Samsung Galaxy J8.jpg,aac9d76dd0756ab03f9fad29df74b7e6
Samsung Galaxy Core Prime Duos.jpg,f8be8f7509ed7e05b4c6f45b9c5d25b7
Motorola Moto G.jpg,4e69b13aadc4a099e44711de2811a5c6
Vivo Y69.jpg,44dbdb9269a932c985fb6df402c49e89
Samsung Galaxy E7.jpg,f3ed9da186f0ccb5a43baef23b1c3bb9
Lg K8 (2017).jpg,2a2559c5521f6e44132dbccf83a5e5b3
Lg X Style.jpg,02130dcd2a2481754bda72d94826322d
Samsung Galaxy J7+.jpg,63c3c1b054fe0d9e10840661873afa93
Huawei Nova 2i.jpg,7b78f5d98d6a3a5229d7c043a6ccf6f7
Huawei Y7 Prime (2018).jpg,c39ff8b53cc052d9a9a09d7506ba75de
Motorola Moto G2.jpg,81b2bb6a708762c3a03985f0fae70d94
Zte Max XL.jpg,47322392e9347a5711de24bd0f037cd9
Asus ZenFone 4 Selfie.jpg,9423e367dd498bb0b4870f9eaa3662e4
Oppo A57.jpg,1dd80eddc40f63a10abce512e2b970d0
Samsung Galaxy J7 Nxt.jpg,bdcdae00d6309b42bfb1fe6243cb4855
Lg K10.jpg,430a6e0a508e529e470156c5e15b87da
Samsung Galaxy S III Mini.jpg,b5248b59be4b3b16cf864cc2fd8c2bef
Huawei Honor 6X.jpg,7f142fd94193fb2758b08d640eacef37
Motorola Moto E.jpg,fe1c795af8bf6cb7f5559c5c14c0e120
Samsung Galaxy On5 (2016).jpg,3fd540274946ba3c03ae835f4659f9a8
Samsung Galaxy Star Pro.jpg,0cfb35fc1a48677f31ebcd90f46750a3
Samsung Galaxy J7 Duo.jpg,2f6767542b69febab2ed335d02b18c07
Lg Stylo 2.jpg,46ab0383923a1c429c5ae64d9fc1f4b5
Vivo Y55S.jpg,a29404d22651fafb49ac0c57af983429
Infinix Hot 5.jpg,be0772097d8c51f8578fb3670464fb03
Samsung Galaxy J2 (2017).jpg,90eaffc9062eb0d99050e29f92e4b32a
Asus ZenFone Live.jpg,15f3d169ef18772778b19ee9023a8e4b
Samsung Galaxy S7 Edge.jpg,d02b3ce4c0b6f9dac90b73ac3af41562
Samsung Galaxy S6 Edge.jpg,f179b4c23431238fa59c9f8c70e860c4
Samsung Galaxy S8.jpg,6a311c87d76b78ad5aa172786ef80b93
Samsung Galaxy Grand 2.jpg,6918443c9a66b85e02735e2c8ea6ca64
Samsung Galaxy S9.jpg,6ca77ea306661781e19e438e7fde4574
Huawei P9.jpg,b28d723bf61f98f2975b77d574908738
Lenovo Vibe C2.jpg,3ed74a5a6ea8612f801b6f44092dc756
Sony Xperia Z1.jpg,7b62eb0bc2dd5e1446265daf7a091cb7
Vivo Y81.jpg,48a7a08eb02bdd9f153d0832e2dae745
Lg Stylo 3.jpg,ad52b11ad4d03d1687a5b67a7f1ac50c
Xiaomi Redmi 5 Plus.jpg,8c9db5e95289de8d06dba63c89274323
Lg Spree.jpg,4f8d4ca9e227f645969257e35061649b
Samsung Galaxy Core Prime.jpg,d0c5718109fa9138825035d5ea8fc6b3
Motorola Moto E (5th gen).jpg,5c4eb55100401aff4c4cf75de5ca5a0a
Htc Devices.jpg,708b0c6907e4f42c848188587c8e43c4
Asus ZenFone 2 Deluxe.jpg,99c78baf759cd41702b89643b3608a59
Samsung Galaxy J7 (2016).jpg,293935248242bc6528340622a3b187f3
Tecno Spark K7.jpg,43483c4c54b089beff110bb077609eb5
Samsung Galaxy J7 Neo.jpg,2b03a74f5484decb2503124f47cf7a77
Motorola Moto X4.jpg,80841227ad535d7f0769417c567309bf
Lenovo Vibe B.jpg,fd64c3e595dadebc26d68e057235a646
Lava Z60.jpg,cc15e23f9df7de9c1c62f96d3d38af20
Huawei Ascend Y560.jpg,efed78ce8e506389167063a59f909a43
Motorola Moto G (4th Gen).jpg,1668834d8e27d5527c16a87380ec28fe
Sony Xperia E4.jpg,ce87c6a441d13a1d55e3ef7e9679791e
Samsung Galaxy Trend Plus.jpg,db0165601d297f5087ee31bf751bbfa1
Samsung Galaxy S5 Duos.jpg,678034d2d3c8a3c9bc13bf022fee1371
Samsung Galaxy S Duos 2.jpg,4458a60eac773d46c5a7480919d10ef3
Samsung Galaxy Young Plus TV.jpg,ca7efa78bb19d6ba151fb0a9a4591095
Huawei P8 Lite.jpg,fd24640bbae1eb584702332e7d8caa0e
Huawei P9 Lite.jpg,20ad08010b8113f9594692206d1ab373
Lava Iris Fuel 50.jpg,526a64e75b0dc0aee65bdfe27b17bb13
Samsung Galaxy J5 (2017).jpg,1750baf1b2085b562c5cafeb858e60f9
Asus ZenFone 3 Max.jpg,79046b75260d671c274487c2b63147cf
Samsung Galaxy S Duos 3.jpg,cb17010a4573ef5e9170299293edda00
Samsung Galaxy Grand Neo.jpg,75c6b3e7c65d8c1f4f69e41a956fe512
Samsung Galaxy Y.jpg,25ae1bed24f5a071db0458438bfa6b7b
Samsung Galaxy Pocket 2 Duos.jpg,3982350c696f3d84a430d3aa81fcf2e6
Sony Xperia E5.jpg,bebe4f927ae4b6e140e183bb0469b55f
Lenovo Vibe C.jpg,91ef2488825d39ec5e37aef0e30a4eb8
Motorola Moto G5S.jpg,d165110f072998051358f70a7c8c6471
Samsung Galaxy On5.jpg,46a55788bfd7ac081a6837baed0ba5e3
Lg Tribute.jpg,efbd901988d1f669655c8275a091e6f0
Oppo A3s.jpg,29c6118d7858acac6d910110631a48dd
Huawei Honor 9 Lite.jpg,fa611e3ff92509d1e42165a0a592e3cb
Samsung Galaxy On7.jpg,4c61c0105ee73e761072a92c81856a3f
Huawei GR5 2017.jpg,27d2fb87fdf1ad1209c5fad4cb089ecc
Lg X Charge.jpg,a1459bf23f24f93ff6d75921cf677c83
Samsung Galaxy Grand Quattro.jpg,3bca6d178b646eb660e468ac8c023226
Lenovo A1000.jpg,923b9baa17af141021d107a7ada0f580
Zte Devices.jpg,0866776c791b71ac87e4398bd4da3149
Sony Xperia XZ Premium.jpg,29a9294718e5ea7279c7a982b3ebfa5f
Huawei GR3.jpg,de984d5d3ff69dd08653580363e870f3
Samsung Galaxy J3 Emerge.jpg,cd64491c417e2a6693729485181447d0
Samsung Galaxy J3 Luna Pro.jpg,5ef7bdd534cf6db3cee5617cf30e41c8
Samsung Galaxy Note II.jpg,900611badea2f346554c86bb56f97609
Huawei Y6 (2018).jpg,2cf900361f063ddf3c16dd26b1eea1f2
Lg Stylo 3 Plus.jpg,3ca8fb3a7931d938de1f851dca46c497
Alcatel One Touch Pixi 4 (5.0).jpg,7b3805dd241236a333051d1a102fbe3c
Xiaomi Mi Max 2.jpg,007e1104eea219ebdc3ffe3c37273521
Motorola Moto Z Droid.jpg,f1c4da93656ba2765f4fd2a705d69318
Samsung Galaxy A6+ (2018).jpg,f933e0c6fde67458fcd7f0233a47d005
Vivo V5 Plus.jpg,4baffc304c0bd3a9461e1a46aa731928
Lg X Power 2.jpg,9a39bc444ebb928415c768b296c683fa
Lg G4c.jpg,51102f1db1752b9bb6cadcfdafe4828c
Samsung Galaxy Ace 4 Lite Duos.jpg,5650c726024471162410e53cd47a73fd
Oppo A37.jpg,a375c1813076701fafe2b7700db5997b
Xiaomi Redmi Note 5A.jpg,c7cbd8653a58810fd8d29507064738bd
Huawei Mate 10 Lite.jpg,4f9f54f279a831ee54088e9093319429
Huawei Y6 Prime (2018).jpg,175c8df0a5725153979494e169f0241d
Samsung Galaxy A9 Pro (2016).jpg,f3d0d8cf99b0a6a00d7fed108d089e8c
Samsung Galaxy J2 Core.jpg,0bb8db1bd121469280c5e0502d78a90d
Sony Xperia XA1.jpg,ede190c1eda923f51c15fd9657f78587
Motorola Moto E (5th gen) Plus.jpg,caf0460747ae77732fadd0c23e7dd1d3
Lenovo A536.jpg,3c39d2eb1c67027a334db81e560ac02a
Lg Aristo.jpg,abb441959534ae3ad718615a7943bc03
Huawei Ascend Y360.jpg,20bf3fef4ea1221a0675661552cf73ce
Alcatel One Touch Pixi 4 (6).jpg,72bd812fa2a4ea21b0ce132106a6038a
Oppo F1 Plus.jpg,2eae3107483ec2cbba7a93b25b3d3942
Vivo Y51L.jpg,2d5f6660e4b8b90f97cda88ce8a867d0
Lg G4 Stylus.jpg,a99809e75736947d30f5326a34db310b
Motorola Moto G (3rd Gen).jpg,9f43fd7def766b3cb1a3e988efdb1f9c
Huawei Y7.jpg,2df1247eda692c9a9a0cc27c1dc1144a
Wiko Jerry.jpg,8264b5cf614bf487b360c39b6a6c0201
Huawei P Smart.jpg,5f7618565d023fff15e6eacc9eff017f
Samsung Galaxy Mega 5.8.jpg,e5b01e9eb9768e677be5050bae2bb8ca
Samsung Galaxy A8 (2018).jpg,3446627d931244084b5ca3914198165a
Samsung Galaxy Core Plus.jpg,6cc49270e542b15de1718ca15e7ddd72
Samsung Galaxy S III Neo.jpg,90245584ad53fce1a589b2e13052fd91
Huawei P20.jpg,30585a8a65953370980e0d2eab257c8a
Lg Aristo 2.jpg,75a9ae43b944834c13f20d6752db56c9
Samsung Galaxy J5 Prime.jpg,805a0268cf416919eb496a76d2e273ea
Lg K20 Plus.jpg,9693a810df368317161cb7aa0a9def33
Lg Spirit.jpg,f9f42957ebe4ab0a97da19a14d4ee323
Huawei Y3 (2018).jpg,0085f2428ea2c6070e4c7d0ef1918aff
Alcatel U5.jpg,78ede16361187a48537c71499c9a5565
Google Pixel XL.jpg,4975eaeac44bc6febeaebeffc6d0e785
Xiaomi Redmi 5A.jpg,bcd8c68930f2bf7bf6423a5167b576e2
Sony Devices.jpg,9b180f3dfa5e10489f571133d7e7d9e8
Samsung Galaxy Note 3 Neo Duos.jpg,1d1514dea4c4848d15e7b7f159f6acd7
Google Pixel.jpg,86261a0ea1ec14f8f82eb560072f112e
Lg L Prime Dual.jpg,999405c315c3d5a0102283af63c0124f
Lg Q6.jpg,c223520bc124a632323d19fd3e63ce0b
Lg K8.jpg,8f358ace4637e36efda4950998987f79
Xiaomi Redmi Note 5 Pro.jpg,d752cdb044ee96155136acf98ee7ec10
Gionee P5L.jpg,3cbe691ff9498875345a88f1f3f56096
Samsung Galaxy J5 (2016).jpg,a50f489748b2499e5a08e6b28d9ac067
Motorola Moto G (2nd Gen).jpg,c185df3b1821795656fd662f7885e0b0
Samsung Galaxy A3 (2016).jpg,7286bb70d776ca671429af8e1274dd2f
Vivo V9.jpg,3c707bd08c1434316818d365d213ab2d
Vivo Y21.jpg,9f48c6c93db179208ed89b8cd1396af3
Samsung Galaxy S5 Neo.jpg,b2ed1ec8882ff31f72f156ae36a651b2
Oppo F9.jpg,b3d3c30c6d3ba85dd0fa428237f41d81
Samsung Galaxy On7 Prime (2018).jpg,4ea5a79d738276e8b9867af31abad712
Samsung Galaxy J7 Prime 2.jpg,011b5c2d065c3be5feb02652c626b3ee
Huawei P20 Pro.jpg,ea0fcce4f3325f52550f5d21bd578656
